id_alumno,nombre,estado,calificacion,fecha_limite
1,AMADOR AMADOR LUIS,Entregado,10,05/09/2026
2,BELLO RAMIREZ LEONEL ALEJANDRO,Pendiente,0,05/09/2026
3,CALVARIO TEZMOL RODRIGO,Pendiente,0,05/09/2026
4,CONTRERAS GUZMAN MELANIE    C,Pendiente,0,05/09/2026
5,CORONA CALVARIO CESAR,Pendiente,0,05/09/2026
6,COYOTL GALINDO JUAN PABLO,Entregado,9,05/09/2026
7,CUENTENCO LOPEZ URIEL,Entregado,10,05/09/2026
8,DIEGO AMARO BRANDON ELLIOT,Entregado,10,05/09/2026
9,DURAN ROMERO MAURICIO,Entregado,10,05/09/2026
10,FLORES GONZALEZ KEVIN DAVID,Entregado,10,05/09/2026
11,GARCIA CARAZO SANTIAGO,Entregado,10,05/09/2026
12,GOMEZ CASIANO CRISTHOFER,Entregado,10,05/09/2026
13,HUERTA ROMERO JOEL,Entregado,10,05/09/2026
14,JUAREZ MARCELINO MONTSERRAT,Entregado,10,05/09/2026
15,JUAREZ TEPEPA DANIEL JACINTO,Entregado,8,05/09/2026
16,LARA CONTRERAS ARELI,Entregado,8,05/09/2026
17,MASTRANZO ROQUE MARASOFIA YURICO ,Entregado,8,05/09/2026
18,MELENDEZ MARTINEZ HUGO,Entregado,8,05/09/2026
19,MENDEZ FLORES ANGEL GABRIEL,Entregado,8,05/09/2026
20,MORA ACAMETITLA JULIO YAIR,Entregado,8,05/09/2026
21,RAMIREZ DE LOS SANTOS LETICIA,Entregado,8,05/09/2026
22,REYES LARINO MAYTE,Entregado,8,05/09/2026
23,RIZO GALLEGOS UZAI ZABDIEL,Entregado,8,05/09/2026
24,ROJAS GARCIA LEONARDO,Pendiente,0,05/09/2026
25,SALAS MONARCA LEONEL ,Pendiente,0,05/09/2026
26,SANCHEZ CALVARIO YONI  JOSUE,Pendiente,0,05/09/2026
27,TABA CAPILLA ZOE RONALDO,Entregado,7,05/09/2026
28,TECHALOTZI CANTOR MIGUEL ANGEL,Entregado,7,05/09/2026
29,TECHALOTZI ROJAS DAVID,Entregado,7,05/09/2026
30,TEJOCOTE GARCIA  DAVID,Entregado,7,05/09/2026
31,TLAPAYA TLATELPA BRAYAN ALEXIS,Entregado,7,05/09/2026
32,TLATELPA ROMERO MARÍA MERCEDES,Entregado,7,05/09/2026
33,VAZQUEZ CARRILLO JOSE PABLO,Entregado,7,05/09/2026
34,XIMELLO ZAMBRANO RAUL,Entregado,7,05/09/2026
35,YEHUELA ROMERO DILAN NERY,Entregado,7,05/09/2026
36,ZEPEDA ARCE JONATHAN URIEL,Entregado,7,05/09/2026
