id_alumno,nombre,10 de junio,11 de junio,14 de junio,25 de junio,faltas,asistencia,asis_max
1,AMADOR AMADOR LUIS,0,2,2,2,-2,6,8
2,BELLO RAMIREZ LEONEL ALEJANDRO,0,0,1,2,-5,3,
3,CALVARIO TEZMOL RODRIGO,0,2,2,2,-2,6,
4,CONTRERAS GUZMAN MELANIE    C,0,2,2,2,-2,6,
5,CORONA CALVARIO CESAR,0,1,0,2,-5,3,
6,COYOTL GALINDO JUAN PABLO,0,2,2,0,-4,4,
7,CUENTENCO LOPEZ URIEL,0,2,2,2,-2,6,
8,DIEGO AMARO BRANDON ELLIOT,0,2,2,2,-2,6,
9,FLORES GONZALEZ KEVIN DAVID,0,0,0,2,-6,2,
10,GARCIA CARAZO SANTIAGO,0,1,1,2,-4,4,
11,GOMEZ CASIANO CRISTHOFER,0,0,0,2,-6,2,
12,HUERTA ROMERO JOEL,0,2,2,2,-2,6,
13,JUAREZ MARCELINO MONTSERRAT,0,2,2,2,-2,6,
14,JUAREZ TEPEPA DANIEL JACINTO,0,1,0,2,-5,3,
15,LARA CONTRERAS ARELI,0,0,2,2,-4,4,
16,MASTRANZO ROQUE MARASOFIA YURICO ,0,2,2,2,-2,6,
17,MELENDEZ MARTINEZ HUGO,2,0,2,2,-2,6,
18,MENDEZ FLORES ANGEL GABRIEL,2,2,2,2,0,8,
19,MORA ACAMETITLA JULIO YAIR,2,2,2,2,0,8,
20,RAMIREZ DE LOS SANTOS LETICIA,2,2,2,2,0,8,
21,REYES LARINO MAYTE,2,2,2,2,0,8,
22,RIZO GALLEGOS UZAI ZABDIEL,2,1,1,2,-2,6,
23,ROJAS GARCIA LEONARDO,2,2,2,2,0,8,
24,SALAS MONARCA LEONEL ,2,0,0,0,-6,2,
25,SANCHEZ CALVARIO YONI  JOSUE,2,0,2,2,-2,6,
26,TECHALOTZI CANTOR MIGUEL ANGEL,0,1,2,2,-3,5,
27,TECHALOTZI ROJAS DAVID,2,2,0,2,-2,6,
28,TEJOCOTE GARCIA  DAVID,2,2,2,2,0,8,
29,TLAPAYA TLATELPA BRAYAN ALEXIS,0,2,0,2,-4,4,
30,TLATELPA ROMERO MARÍA MERCEDES,2,2,0,2,-2,6,
31,VAZQUEZ CARRILLO JOSE PABLO,2,2,2,2,0,8,
32,XIMELLO ZAMBRANO RAUL,2,1,1,2,-2,6,
33,YEHUELA ROMERO DILAN NERY,2,2,2,2,0,8,
34,ZEPEDA ARCE JONATHAN URIEL,2,2,2,2,0,8,
