id_alumno,nombre,estado,calificacion,fecha_limite,tarea
1,AMADOR AMADOR LUIS,Pendiente,0,05/09/2026,Tarea 2
2,BELLO RAMIREZ LEONEL ALEJANDRO,Pendiente,0,05/09/2026,Tarea 2
3,CALVARIO TEZMOL RODRIGO,Pendiente,0,05/09/2026,Tarea 2
4,CONTRERAS GUZMAN MELANIE    C,Pendiente,0,05/09/2026,Tarea 2
5,CORONA CALVARIO CESAR,Pendiente,0,05/09/2026,Tarea 2
6,COYOTL GALINDO JUAN PABLO,Pendiente,0,05/09/2026,Tarea 2
7,CUENTENCO LOPEZ URIEL,Pendiente,0,05/09/2026,Tarea 2
8,DIEGO AMARO BRANDON ELLIOT,Pendiente,0,05/09/2026,Tarea 2
9,DURAN ROMERO MAURICIO,Pendiente,0,05/09/2026,Tarea 2
10,FLORES GONZALEZ KEVIN DAVID,Pendiente,0,05/09/2026,Tarea 2
11,GARCIA CARAZO SANTIAGO,Pendiente,0,05/09/2026,Tarea 2
12,GOMEZ CASIANO CRISTHOFER,Pendiente,0,05/09/2026,Tarea 2
13,HUERTA ROMERO JOEL,Pendiente,0,05/09/2026,Tarea 2
14,JUAREZ MARCELINO MONTSERRAT,Entregado,10,05/09/2026,Tarea 2
15,JUAREZ TEPEPA DANIEL JACINTO,Entregado,10,05/09/2026,Tarea 2
16,LARA CONTRERAS ARELI,Entregado,10,05/09/2026,Tarea 2
17,MASTRANZO ROQUE MARASOFIA YURICO ,Entregado,10,05/09/2026,Tarea 2
18,MELENDEZ MARTINEZ HUGO,Entregado,10,05/09/2026,Tarea 2
19,MENDEZ FLORES ANGEL GABRIEL,Entregado,10,05/09/2026,Tarea 2
20,MORA ACAMETITLA JULIO YAIR,Entregado,10,05/09/2026,Tarea 2
21,RAMIREZ DE LOS SANTOS LETICIA,Pendiente,0,05/09/2026,Tarea 2
22,REYES LARINO MAYTE,Pendiente,0,05/09/2026,Tarea 2
23,RIZO GALLEGOS UZAI ZABDIEL,Pendiente,0,05/09/2026,Tarea 2
24,ROJAS GARCIA LEONARDO,Pendiente,0,05/09/2026,Tarea 2
25,SALAS MONARCA LEONEL ,Pendiente,0,05/09/2026,Tarea 2
26,SANCHEZ CALVARIO YONI  JOSUE,Entregado,9,05/09/2026,Tarea 2
27,TABA CAPILLA ZOE RONALDO,Entregado,9,05/09/2026,Tarea 2
28,TECHALOTZI CANTOR MIGUEL ANGEL,Entregado,9,05/09/2026,Tarea 2
29,TECHALOTZI ROJAS DAVID,Entregado,9,05/09/2026,Tarea 2
30,TEJOCOTE GARCIA  DAVID,Entregado,9,05/09/2026,Tarea 2
31,TLAPAYA TLATELPA BRAYAN ALEXIS,Entregado,9,05/09/2026,Tarea 2
32,TLATELPA ROMERO MARÍA MERCEDES,Pendiente,0,05/09/2026,Tarea 2
33,VAZQUEZ CARRILLO JOSE PABLO,Pendiente,0,05/09/2026,Tarea 2
34,XIMELLO ZAMBRANO RAUL,Pendiente,0,05/09/2026,Tarea 2
35,YEHUELA ROMERO DILAN NERY,Pendiente,0,05/09/2026,Tarea 2
36,ZEPEDA ARCE JONATHAN URIEL,Pendiente,0,05/09/2026,Tarea 2
