id_alumno,nombre,estado,calificacion,fecha_limite,tarea,,,,,Tarea
1,AMADOR AMADOR LUIS,Entregado,10,05/09/2026,Tarea 1,,,1,AMADOR AMADOR LUIS,10
2,BELLO RAMIREZ LEONEL ALEJANDRO,Entregado,10,05/09/2026,Tarea 1,,,2,BELLO RAMIREZ LEONEL ALEJANDRO,10
3,CALVARIO TEZMOL RODRIGO,Entregado,10,05/09/2026,Tarea 1,,,3,CALVARIO TEZMOL RODRIGO,10
4,CONTRERAS GUZMAN MELANIE    C,Entregado,10,05/09/2026,Tarea 1,,,4,CONTRERAS GUZMAN MELANIE    C,10
5,CORONA CALVARIO CESAR,Entregado,10,05/09/2026,Tarea 1,,,5,CORONA CALVARIO CESAR,10
6,COYOTL GALINDO JUAN PABLO,Entregado,10,05/09/2026,Tarea 1,,,6,COYOTL GALINDO JUAN PABLO,10
7,CUENTENCO LOPEZ URIEL,Entregado,9,05/09/2026,Tarea 1,,,7,CUENTENCO LOPEZ URIEL,9
8,DIEGO AMARO BRANDON ELLIOT,Entregado,9,05/09/2026,Tarea 1,,,8,DIEGO AMARO BRANDON ELLIOT,9
9,DURAN ROMERO MAURICIO,Entregado,9,05/09/2026,Tarea 1,,,9,DURAN ROMERO MAURICIO,9
10,FLORES GONZALEZ KEVIN DAVID,Pendiente,0,05/09/2026,Tarea 1,,,10,FLORES GONZALEZ KEVIN DAVID,0
11,GARCIA CARAZO SANTIAGO,Pendiente,0,05/09/2026,Tarea 1,,,11,GARCIA CARAZO SANTIAGO,0
12,GOMEZ CASIANO CRISTHOFER,Pendiente,0,05/09/2026,Tarea 1,,,12,GOMEZ CASIANO CRISTHOFER,0
13,HUERTA ROMERO JOEL,Pendiente,0,05/09/2026,Tarea 1,,,13,HUERTA ROMERO JOEL,0
14,JUAREZ MARCELINO MONTSERRAT,Pendiente,0,05/09/2026,Tarea 1,,,14,JUAREZ MARCELINO MONTSERRAT,0
15,JUAREZ TEPEPA DANIEL JACINTO,Entregado,8,05/09/2026,Tarea 1,,,15,JUAREZ TEPEPA DANIEL JACINTO,8
16,LARA CONTRERAS ARELI,Entregado,8,05/09/2026,Tarea 1,,,16,LARA CONTRERAS ARELI,8
17,MASTRANZO ROQUE MARASOFIA YURICO ,Entregado,8,05/09/2026,Tarea 1,,,17,MASTRANZO ROQUE MARASOFIA YURICO ,8
18,MELENDEZ MARTINEZ HUGO,Entregado,8,05/09/2026,Tarea 1,,,18,MELENDEZ MARTINEZ HUGO,8
19,MENDEZ FLORES ANGEL GABRIEL,Entregado,8,05/09/2026,Tarea 1,,,19,MENDEZ FLORES ANGEL GABRIEL,8
20,MORA ACAMETITLA JULIO YAIR,Entregado,7,05/09/2026,Tarea 1,,,20,MORA ACAMETITLA JULIO YAIR,7
21,RAMIREZ DE LOS SANTOS LETICIA,Entregado,7,05/09/2026,Tarea 1,,,21,RAMIREZ DE LOS SANTOS LETICIA,7
22,REYES LARINO MAYTE,Entregado,7,05/09/2026,Tarea 1,,,22,REYES LARINO MAYTE,7
23,RIZO GALLEGOS UZAI ZABDIEL,Entregado,7,05/09/2026,Tarea 1,,,23,RIZO GALLEGOS UZAI ZABDIEL,7
24,ROJAS GARCIA LEONARDO,Entregado,7,05/09/2026,Tarea 1,,,24,ROJAS GARCIA LEONARDO,7
25,SALAS MONARCA LEONEL ,Entregado,5,05/09/2026,Tarea 1,,,25,SALAS MONARCA LEONEL ,5
26,SANCHEZ CALVARIO YONI  JOSUE,Entregado,7,05/09/2026,Tarea 1,,,26,SANCHEZ CALVARIO YONI  JOSUE,7
27,TABA CAPILLA ZOE RONALDO,Entregado,6,05/09/2026,Tarea 1,,,27,TABA CAPILLA ZOE RONALDO,6
28,TECHALOTZI CANTOR MIGUEL ANGEL,Entregado,6,05/09/2026,Tarea 1,,,28,TECHALOTZI CANTOR MIGUEL ANGEL,6
29,TECHALOTZI ROJAS DAVID,Entregado,6,05/09/2026,Tarea 1,,,29,TECHALOTZI ROJAS DAVID,6
30,TEJOCOTE GARCIA  DAVID,Entregado,6,05/09/2026,Tarea 1,,,30,TEJOCOTE GARCIA  DAVID,6
31,TLAPAYA TLATELPA BRAYAN ALEXIS,Entregado,6,05/09/2026,Tarea 1,,,31,TLAPAYA TLATELPA BRAYAN ALEXIS,6
32,TLATELPA ROMERO MARÍA MERCEDES,Entregado,6,05/09/2026,Tarea 1,,,32,TLATELPA ROMERO MARÍA MERCEDES,6
33,VAZQUEZ CARRILLO JOSE PABLO,Entregado,6,05/09/2026,Tarea 1,,,33,VAZQUEZ CARRILLO JOSE PABLO,6
34,XIMELLO ZAMBRANO RAUL,Entregado,6,05/09/2026,Tarea 1,,,34,XIMELLO ZAMBRANO RAUL,6
35,YEHUELA ROMERO DILAN NERY,Entregado,6,05/09/2026,Tarea 1,,,35,YEHUELA ROMERO DILAN NERY,6
36,ZEPEDA ARCE JONATHAN URIEL,Entregado,6,05/09/2026,Tarea 1,,,36,ZEPEDA ARCE JONATHAN URIEL,6
